filename,label
frame_0000.jpg,real
frame_0001.jpg,real
frame_0002.jpg,real
frame_0003.jpg,real
frame_0004.jpg,real
frame_0005.jpg,real
frame_0006.jpg,real
frame_0007.jpg,real
frame_0008.jpg,real
frame_0009.jpg,real
frame_0010.jpg,real
frame_0011.jpg,real
frame_0012.jpg,real
frame_0013.jpg,real
frame_0014.jpg,real
frame_0015.jpg,real
frame_0016.jpg,real
frame_0017.jpg,real
frame_0018.jpg,real
frame_0019.jpg,real
frame_0020.jpg,real
frame_0021.jpg,real
frame_0022.jpg,real
frame_0023.jpg,real
frame_0024.jpg,real
frame_0025.jpg,real
frame_0026.jpg,real
frame_0027.jpg,real
frame_0028.jpg,real
frame_0029.jpg,real
frame_0030.jpg,real
frame_0031.jpg,real
frame_0032.jpg,real
frame_0033.jpg,real
frame_0034.jpg,real
frame_0035.jpg,real
frame_0036.jpg,real
frame_0037.jpg,real
frame_0038.jpg,real
frame_0039.jpg,real
frame_0040.jpg,real
frame_0041.jpg,real
frame_0042.jpg,real
frame_0043.jpg,real
frame_0044.jpg,real
frame_0045.jpg,real
frame_0046.jpg,real
frame_0047.jpg,real
frame_0048.jpg,real
frame_0049.jpg,real
frame_0050.jpg,real
frame_0051.jpg,real
frame_0052.jpg,real
frame_0053.jpg,real
frame_0054.jpg,real
frame_0055.jpg,real
frame_0056.jpg,real
frame_0057.jpg,real
frame_0058.jpg,real
frame_0059.jpg,real
frame_0060.jpg,real
frame_0061.jpg,real
frame_0062.jpg,real
frame_0063.jpg,real
frame_0064.jpg,real
frame_0065.jpg,real
frame_0066.jpg,real
frame_0067.jpg,real
frame_0068.jpg,real
frame_0069.jpg,real
frame_0070.jpg,real
frame_0071.jpg,real
frame_0072.jpg,real
frame_0073.jpg,real
frame_0074.jpg,real
frame_0075.jpg,real
frame_0076.jpg,real
frame_0077.jpg,real
frame_0078.jpg,real
frame_0079.jpg,real
frame_0080.jpg,real
frame_0081.jpg,real
frame_0082.jpg,real
frame_0083.jpg,real
frame_0084.jpg,real
frame_0085.jpg,real
frame_0086.jpg,real
frame_0087.jpg,real
frame_0088.jpg,real
frame_0089.jpg,real
frame_0090.jpg,real
frame_0091.jpg,real
frame_0092.jpg,real
frame_0093.jpg,real
frame_0094.jpg,real
frame_0095.jpg,real
frame_0096.jpg,real
frame_0097.jpg,real
frame_0098.jpg,real
frame_0099.jpg,real
frame_0100.jpg,real
frame_0101.jpg,real
frame_0102.jpg,real
frame_0103.jpg,real
frame_0104.jpg,real
frame_0105.jpg,real
frame_0106.jpg,real
frame_0107.jpg,real
frame_0108.jpg,real
frame_0109.jpg,real
frame_0110.jpg,real
frame_0111.jpg,real
frame_0112.jpg,real
frame_0113.jpg,real
frame_0114.jpg,real
frame_0115.jpg,real
frame_0116.jpg,real
frame_0117.jpg,real
frame_0118.jpg,real
frame_0119.jpg,real
frame_0120.jpg,real
frame_0121.jpg,real
frame_0122.jpg,real
frame_0123.jpg,real
frame_0124.jpg,real
frame_0125.jpg,real
frame_0126.jpg,real
frame_0127.jpg,real
frame_0128.jpg,real
frame_0129.jpg,real
frame_0130.jpg,real
frame_0131.jpg,real
frame_0132.jpg,real
frame_0133.jpg,real
frame_0134.jpg,real
frame_0135.jpg,real
frame_0136.jpg,real
frame_0137.jpg,real
frame_0138.jpg,real
frame_0139.jpg,real
frame_0140.jpg,real
frame_0141.jpg,real
frame_0142.jpg,real
frame_0143.jpg,real
frame_0144.jpg,real
frame_0145.jpg,real
frame_0146.jpg,real
frame_0147.jpg,real
frame_0148.jpg,real
frame_0149.jpg,real
frame_0150.jpg,real
frame_0151.jpg,real
frame_0152.jpg,real
frame_0153.jpg,real
frame_0154.jpg,real
frame_0155.jpg,real
frame_0156.jpg,real
frame_0157.jpg,real
frame_0158.jpg,real
frame_0159.jpg,real
frame_0160.jpg,real
frame_0161.jpg,real
frame_0162.jpg,real
frame_0163.jpg,real
frame_0164.jpg,real
frame_0165.jpg,real
frame_0166.jpg,real
frame_0167.jpg,real
frame_0168.jpg,real
frame_0169.jpg,real
frame_0170.jpg,real
frame_0171.jpg,real
frame_0172.jpg,real
frame_0173.jpg,real
frame_0174.jpg,real
frame_0175.jpg,real
frame_0176.jpg,real
frame_0177.jpg,real
frame_0178.jpg,real
frame_0179.jpg,real
frame_0180.jpg,real
frame_0181.jpg,real
frame_0182.jpg,real
frame_0183.jpg,real
frame_0184.jpg,real
frame_0185.jpg,real
frame_0186.jpg,real
frame_0187.jpg,real
frame_0188.jpg,real
frame_0189.jpg,real
frame_0190.jpg,real
frame_0191.jpg,real
frame_0192.jpg,real
frame_0193.jpg,real
frame_0194.jpg,real
frame_0195.jpg,real
frame_0196.jpg,real
frame_0197.jpg,real
frame_0198.jpg,real
frame_0199.jpg,real
frame_0200.jpg,real
frame_0201.jpg,real
frame_0202.jpg,real
frame_0203.jpg,real
frame_0204.jpg,real
frame_0205.jpg,real
frame_0206.jpg,real
frame_0207.jpg,real
frame_0208.jpg,real
frame_0209.jpg,real
frame_0210.jpg,real
frame_0211.jpg,real
frame_0212.jpg,real
frame_0213.jpg,real
frame_0214.jpg,real
frame_0215.jpg,real
frame_0216.jpg,real
frame_0217.jpg,real
frame_0218.jpg,real
frame_0219.jpg,real
frame_0220.jpg,real
frame_0221.jpg,real
frame_0222.jpg,real
frame_0223.jpg,real
frame_0224.jpg,real
frame_0225.jpg,real
frame_0226.jpg,real
frame_0227.jpg,real
frame_0228.jpg,real
frame_0229.jpg,real
frame_0230.jpg,real
frame_0231.jpg,real
frame_0232.jpg,real
frame_0233.jpg,real
frame_0234.jpg,real
frame_0235.jpg,real
frame_0236.jpg,real
frame_0237.jpg,real
frame_0238.jpg,real
frame_0239.jpg,real
frame_0240.jpg,real
frame_0241.jpg,real
frame_0242.jpg,real
frame_0243.jpg,real
frame_0244.jpg,real
frame_0245.jpg,real
frame_0246.jpg,real
frame_0247.jpg,real
frame_0248.jpg,real
frame_0249.jpg,real
frame_0250.jpg,real
frame_0251.jpg,real
frame_0252.jpg,real
frame_0253.jpg,real
frame_0254.jpg,real
frame_0255.jpg,real
frame_0256.jpg,real
frame_0257.jpg,real
frame_0258.jpg,real
frame_0259.jpg,real
frame_0260.jpg,real
frame_0261.jpg,real
frame_0262.jpg,real
frame_0263.jpg,real
frame_0264.jpg,real
frame_0265.jpg,real
frame_0266.jpg,real
frame_0267.jpg,real
frame_0268.jpg,real
frame_0269.jpg,real
frame_0270.jpg,real
frame_0271.jpg,real
frame_0272.jpg,real
frame_0273.jpg,real
frame_0274.jpg,real
frame_0275.jpg,real
frame_0276.jpg,real
frame_0277.jpg,real
frame_0278.jpg,real
frame_0279.jpg,real
frame_0280.jpg,real
frame_0281.jpg,real
frame_0282.jpg,real
frame_0283.jpg,real
frame_0284.jpg,real
frame_0285.jpg,real
frame_0286.jpg,real
frame_0287.jpg,real
frame_0288.jpg,real
frame_0289.jpg,real
frame_0290.jpg,real
frame_0291.jpg,real
frame_0292.jpg,real
frame_0293.jpg,real
frame_0294.jpg,real
frame_0295.jpg,real
frame_0296.jpg,real
frame_0297.jpg,real
frame_0298.jpg,real
frame_0299.jpg,real
frame_0300.jpg,real
frame_0301.jpg,real
frame_0302.jpg,real
frame_0303.jpg,real
frame_0304.jpg,real
frame_0305.jpg,real
frame_0306.jpg,real
frame_0307.jpg,real
frame_0308.jpg,real
frame_0309.jpg,real
frame_0310.jpg,real
frame_0311.jpg,real
frame_0312.jpg,real
frame_0313.jpg,real
frame_0314.jpg,real
frame_0315.jpg,real
frame_0316.jpg,real
frame_0317.jpg,real
frame_0318.jpg,real
frame_0319.jpg,real
frame_0320.jpg,real
frame_0321.jpg,real
frame_0322.jpg,real
frame_0323.jpg,real
frame_0324.jpg,real
frame_0325.jpg,real
frame_0326.jpg,real
frame_0327.jpg,real
frame_0328.jpg,real
frame_0329.jpg,real
frame_0330.jpg,real
frame_0331.jpg,real
frame_0332.jpg,real
frame_0333.jpg,real
frame_0334.jpg,real
frame_0335.jpg,real
frame_0000.jpg,fake
frame_0001.jpg,fake
frame_0002.jpg,fake
frame_0003.jpg,fake
frame_0004.jpg,fake
frame_0005.jpg,fake
frame_0006.jpg,fake
frame_0007.jpg,fake
frame_0008.jpg,fake
frame_0009.jpg,fake
frame_0010.jpg,fake
frame_0011.jpg,fake
frame_0012.jpg,fake
frame_0013.jpg,fake
frame_0014.jpg,fake
frame_0015.jpg,fake
frame_0016.jpg,fake
frame_0017.jpg,fake
frame_0018.jpg,fake
frame_0019.jpg,fake
frame_0020.jpg,fake
frame_0021.jpg,fake
frame_0022.jpg,fake
frame_0023.jpg,fake
frame_0024.jpg,fake
frame_0025.jpg,fake
frame_0026.jpg,fake
frame_0027.jpg,fake
frame_0028.jpg,fake
frame_0029.jpg,fake
frame_0030.jpg,fake
frame_0031.jpg,fake
frame_0032.jpg,fake
frame_0033.jpg,fake
frame_0034.jpg,fake
frame_0035.jpg,fake
frame_0036.jpg,fake
frame_0037.jpg,fake
frame_0038.jpg,fake
frame_0039.jpg,fake
frame_0040.jpg,fake
frame_0041.jpg,fake
frame_0042.jpg,fake
frame_0043.jpg,fake
frame_0044.jpg,fake
frame_0045.jpg,fake
frame_0046.jpg,fake
frame_0047.jpg,fake
frame_0048.jpg,fake
frame_0049.jpg,fake
frame_0050.jpg,fake
frame_0051.jpg,fake
frame_0052.jpg,fake
frame_0053.jpg,fake
frame_0054.jpg,fake
frame_0055.jpg,fake
frame_0056.jpg,fake
frame_0057.jpg,fake
frame_0058.jpg,fake
frame_0059.jpg,fake
frame_0060.jpg,fake
frame_0061.jpg,fake
frame_0062.jpg,fake
frame_0063.jpg,fake
frame_0064.jpg,fake
frame_0065.jpg,fake
frame_0066.jpg,fake
frame_0067.jpg,fake
frame_0068.jpg,fake
frame_0069.jpg,fake
frame_0070.jpg,fake
frame_0071.jpg,fake
frame_0072.jpg,fake
frame_0073.jpg,fake
frame_0074.jpg,fake
frame_0075.jpg,fake
frame_0076.jpg,fake
frame_0077.jpg,fake
frame_0078.jpg,fake
frame_0079.jpg,fake
frame_0080.jpg,fake
frame_0081.jpg,fake
frame_0082.jpg,fake
frame_0083.jpg,fake
frame_0084.jpg,fake
frame_0085.jpg,fake
frame_0086.jpg,fake
frame_0087.jpg,fake
frame_0088.jpg,fake
frame_0089.jpg,fake
frame_0090.jpg,fake
frame_0091.jpg,fake
frame_0092.jpg,fake
frame_0093.jpg,fake
frame_0094.jpg,fake
frame_0095.jpg,fake
frame_0096.jpg,fake
frame_0097.jpg,fake
frame_0098.jpg,fake
frame_0099.jpg,fake
frame_0100.jpg,fake
frame_0101.jpg,fake
frame_0102.jpg,fake
frame_0103.jpg,fake
frame_0104.jpg,fake
frame_0105.jpg,fake
frame_0106.jpg,fake
frame_0107.jpg,fake
frame_0108.jpg,fake
frame_0109.jpg,fake
frame_0110.jpg,fake
frame_0111.jpg,fake
frame_0112.jpg,fake
frame_0113.jpg,fake
frame_0114.jpg,fake
frame_0115.jpg,fake
frame_0116.jpg,fake
frame_0117.jpg,fake
frame_0118.jpg,fake
frame_0119.jpg,fake
frame_0120.jpg,fake
frame_0121.jpg,fake
frame_0122.jpg,fake
frame_0123.jpg,fake
frame_0124.jpg,fake
frame_0125.jpg,fake
frame_0126.jpg,fake
frame_0127.jpg,fake
frame_0128.jpg,fake
frame_0129.jpg,fake
frame_0130.jpg,fake
frame_0131.jpg,fake
frame_0132.jpg,fake
frame_0133.jpg,fake
frame_0134.jpg,fake
frame_0135.jpg,fake
frame_0136.jpg,fake
frame_0137.jpg,fake
frame_0138.jpg,fake
frame_0139.jpg,fake
frame_0140.jpg,fake
frame_0141.jpg,fake
frame_0142.jpg,fake
frame_0143.jpg,fake
frame_0144.jpg,fake
frame_0145.jpg,fake
frame_0146.jpg,fake
frame_0147.jpg,fake
frame_0148.jpg,fake
frame_0149.jpg,fake
frame_0150.jpg,fake
frame_0151.jpg,fake
frame_0152.jpg,fake
frame_0153.jpg,fake
frame_0154.jpg,fake
frame_0155.jpg,fake
frame_0156.jpg,fake
frame_0157.jpg,fake
frame_0158.jpg,fake
frame_0159.jpg,fake
frame_0160.jpg,fake
frame_0161.jpg,fake
frame_0162.jpg,fake
frame_0163.jpg,fake
frame_0164.jpg,fake
frame_0165.jpg,fake
frame_0166.jpg,fake
frame_0167.jpg,fake
frame_0168.jpg,fake
frame_0169.jpg,fake
frame_0170.jpg,fake
frame_0171.jpg,fake
frame_0172.jpg,fake
frame_0173.jpg,fake
frame_0174.jpg,fake
frame_0175.jpg,fake
frame_0176.jpg,fake
frame_0177.jpg,fake
frame_0178.jpg,fake
frame_0179.jpg,fake
frame_0180.jpg,fake
frame_0181.jpg,fake
frame_0182.jpg,fake
frame_0183.jpg,fake
frame_0184.jpg,fake
frame_0185.jpg,fake
frame_0186.jpg,fake
frame_0187.jpg,fake
frame_0188.jpg,fake
frame_0189.jpg,fake
frame_0190.jpg,fake
frame_0191.jpg,fake
frame_0192.jpg,fake
frame_0193.jpg,fake
frame_0194.jpg,fake
frame_0195.jpg,fake
frame_0196.jpg,fake
frame_0197.jpg,fake
frame_0198.jpg,fake
frame_0199.jpg,fake
frame_0200.jpg,fake
frame_0201.jpg,fake
frame_0202.jpg,fake
frame_0203.jpg,fake
frame_0204.jpg,fake
frame_0205.jpg,fake
frame_0206.jpg,fake
frame_0207.jpg,fake
frame_0208.jpg,fake
frame_0209.jpg,fake
frame_0210.jpg,fake
frame_0211.jpg,fake
frame_0212.jpg,fake
frame_0213.jpg,fake
frame_0214.jpg,fake
frame_0215.jpg,fake
frame_0216.jpg,fake
frame_0217.jpg,fake
frame_0218.jpg,fake
frame_0219.jpg,fake
frame_0220.jpg,fake
frame_0221.jpg,fake
frame_0222.jpg,fake
frame_0223.jpg,fake
frame_0224.jpg,fake
frame_0225.jpg,fake
frame_0226.jpg,fake
frame_0227.jpg,fake
frame_0228.jpg,fake
frame_0229.jpg,fake
frame_0230.jpg,fake
frame_0231.jpg,fake
frame_0232.jpg,fake
frame_0233.jpg,fake
frame_0234.jpg,fake
frame_0235.jpg,fake
frame_0236.jpg,fake
frame_0237.jpg,fake
frame_0238.jpg,fake
frame_0239.jpg,fake
frame_0240.jpg,fake
frame_0241.jpg,fake
frame_0242.jpg,fake
frame_0243.jpg,fake
frame_0244.jpg,fake
frame_0245.jpg,fake
frame_0246.jpg,fake
frame_0247.jpg,fake
frame_0248.jpg,fake
frame_0249.jpg,fake
frame_0250.jpg,fake
frame_0251.jpg,fake
frame_0252.jpg,fake
frame_0253.jpg,fake
frame_0254.jpg,fake
frame_0255.jpg,fake
frame_0256.jpg,fake
frame_0257.jpg,fake
frame_0258.jpg,fake
frame_0259.jpg,fake
frame_0260.jpg,fake
frame_0261.jpg,fake
frame_0262.jpg,fake
frame_0263.jpg,fake
frame_0264.jpg,fake
frame_0265.jpg,fake
frame_0266.jpg,fake
frame_0267.jpg,fake
frame_0268.jpg,fake
frame_0269.jpg,fake
frame_0270.jpg,fake
frame_0271.jpg,fake
frame_0272.jpg,fake
frame_0273.jpg,fake
frame_0274.jpg,fake
frame_0275.jpg,fake
frame_0276.jpg,fake
frame_0277.jpg,fake
frame_0278.jpg,fake
frame_0279.jpg,fake
frame_0280.jpg,fake
frame_0281.jpg,fake
frame_0282.jpg,fake
frame_0283.jpg,fake
frame_0284.jpg,fake
frame_0285.jpg,fake
frame_0286.jpg,fake
frame_0287.jpg,fake
frame_0288.jpg,fake
frame_0289.jpg,fake
frame_0290.jpg,fake
frame_0291.jpg,fake
frame_0292.jpg,fake
frame_0293.jpg,fake
frame_0294.jpg,fake
frame_0295.jpg,fake
frame_0296.jpg,fake
frame_0297.jpg,fake
frame_0298.jpg,fake
frame_0299.jpg,fake
frame_0300.jpg,fake
frame_0301.jpg,fake
frame_0302.jpg,fake
frame_0303.jpg,fake
frame_0304.jpg,fake
frame_0305.jpg,fake
frame_0306.jpg,fake
frame_0307.jpg,fake
frame_0308.jpg,fake
frame_0309.jpg,fake
frame_0310.jpg,fake
frame_0311.jpg,fake
frame_0312.jpg,fake
frame_0313.jpg,fake
frame_0314.jpg,fake
frame_0315.jpg,fake
frame_0316.jpg,fake
frame_0317.jpg,fake
frame_0318.jpg,fake
frame_0319.jpg,fake
frame_0320.jpg,fake
frame_0321.jpg,fake
frame_0322.jpg,fake
frame_0323.jpg,fake
frame_0324.jpg,fake
frame_0325.jpg,fake
frame_0326.jpg,fake
frame_0327.jpg,fake
frame_0328.jpg,fake
frame_0329.jpg,fake
frame_0330.jpg,fake
frame_0331.jpg,fake
frame_0332.jpg,fake
frame_0333.jpg,fake
